title	alias
אור המאיר דברים	אור המאיר דברים
אור המאיר דברים	אור-המאיר-דברים
אור המאיר דברים	אור המאיר על דברים
אור המאיר דברים	אור המאיר ספר דברים
אור המאיר דברים	אור המאיר על ספר דברים
אור המאיר דברים	אור המאיר
אור המאיר ויקרא	אור המאיר ויקרא
אור המאיר ויקרא	אור המאיר
אור המאיר ויקרא	ויקרא
אור המאיר ויקרא	אה״מ
אור המאיר על במדבר	אור המאיר
אור המאיר על במדבר	אור המאיר על במדבר
אור המאיר על במדבר	אור־ המאיר על במדבר
אור המאיר על במדבר	אהמ״א
אור המאיר על במדבר	אהמא על במדבר
אור המאיר על במדבר	אור המאיר במדבר
אור המאיר על במדבר	אור המאיר על במ״ב
אור המאיר על במדבר	במדבר (אור המאיר)
אור המאיר על בראשית	אור המאיר על בראשית
אור המאיר על בראשית	אור המאיר בראשית
אור המאיר על בראשית	אור-המאיר על בראשית
אור המאיר על בראשית	אור המאיר
אור המאיר על בראשית	חיים אבן עטר
אור המאיר על בראשית	חיים אבן עטר על בראשית
אור המאיר על בראשית	חיים אבן עטר בראשית
אור המאיר על בראשית	חיים אבן עטר אור המאיר
אור המאיר על שמות	אור המאיר
אור המאיר על שמות	אור המאיר שמות
אור המאיר על שמות	אור המאיר על ספר שמות
אם הבנים שמחה	אם הבנים שמחה
אם הבנים שמחה	אם-הבנים-שמחה
אם הבנים שמחה	אמה"ב
אם הבנים שמחה	אמה"ש
אם הבנים שמחה	אם-הבנים, שמחה
אם הבנים שמחה	אם.הבנים.שמחה
אם הבנים שמחה	אם:הבנים:שמחה
אם למקרא	אם למקרא
אסיפת זקנים על סדר קדשים	אסי"ז על סדר קדשים
אסיפת זקנים על סדר קדשים	אסיפת זקנים על סדר קדשים
אסיפת זקנים על סדר קדשים	אסיפת זקנים
אסיפת זקנים על סדר קדשים	אסי"ז סדר קדשים
אסיפת זקנים על סדר קדשים	אסי"ז על קדשים
ארץ ישראל חלק ראשון	ארץ ישראל ח"א
ארץ ישראל חלק ראשון	ארץ ישראל חלק א'
ארץ ישראל חלק ראשון	ארץ ישראל חלק ראשון
ארץ ישראל חלק ראשון	ארץ ישראל ח״ר
ארץ ישראל חלק ראשון	אי"ש
ארץ ישראל חלק ראשון	אי״ש ח״א
ארץ ישראל חלק ראשון	אי"ש חלק א
ארץ ישראל חלק שני	ארץ ישראל ח״ב
ארץ ישראל חלק שני	ארץ ישראל חלק ב
ארץ ישראל חלק שני	ארץ ישראל חלק שני
ברכת אברהם	ברכת אברהם
ברכת אברהם	ברכת-אברהם
בתי מדרשות -מדרשים קצרים	בתי מדרשות
בתי מדרשות -מדרשים קצרים	מדרשים קצרים
בתי מדרשות -מדרשים קצרים	בתי מדרשות מדרשים קצרים
בתי מדרשות חלק ב - מדרש אותיות רבי עקיבא השלם	בתי מדרשות ב
בתי מדרשות חלק ב - מדרש אותיות רבי עקיבא השלם	בתי מדרשות חלק ב
בתי מדרשות חלק ב - מדרש אותיות רבי עקיבא השלם	בתי מדרשות ח״ב
בתי מדרשות חלק ב - מדרש אותיות רבי עקיבא השלם	רעק״א
הערות על ביאור הרדל על פרקי דרבי אליעזר	הערות על ביאור הרדל על פרקי דרבי אליעזר
הערות על ביאור הרדל על פרקי דרבי אליעזר	רד"ל
הערות על ביאור הרדל על פרקי דרבי אליעזר	הערות על ביאור רד"ל על פרקי דרבי אליעזר
הערות על ביאור הרדל על פרקי דרבי אליעזר	ביאור רד"ל על פרקי דרבי אליעזר
הערות על ביאור הרדל על פרקי דרבי אליעזר	רד"ל על פרקי דרבי אליעזר
הערות על ביאור הרדל על פרקי דרבי אליעזר	פרקי דרבי אליעזר בביאור רד"ל
הערות על בנין עולם	הערות על בנין עולם
הערות על בנין עולם	הערות בנין עולם
הערות על בנין עולם	בנין עולם
הערות על בנין עולם	הערות על בנ״ע
הערות על בנין עולם	הערות בנ״ע
הערות על בנין עולם	בנ״ע
הערות על הלכות קטנות	הערות על הלכות קטנות
הערות על הלכות קטנות	הערות הלכות קטנות
הערות על ספר המליצה	הערות על ספר המליצה
הערות על ספר המליצה	הערות ספר המליצה
הערות על פירושי רדצ הופמן על שמות	הערות על פירושי רדצ הופמן על שמות
הערות על פירושי רדצ הופמן על שמות	רדצ
הערות על פירושי רדצ הופמן על שמות	רדצ.
הערות על פירושי רדצ הופמן על שמות	רדצ הופמן
הערות על פירושי רדצ הופמן על שמות	פירושי רדצ הופמן על שמות
הערות על פירושי רדצ הופמן על שמות	פירושי רדצ על שמות
הערות על פירושי רדצ הופמן על שמות	רדצ על שמות
הערות על פירושי רדצ הופמן על שמות	רדצ שמות
הערות על פירושי רדצ הופמן על שמות	הערות על שמות
הערות על רשימות שיעורים על הוריות	הערות על רשימות שיעורים על הוריות
הערות על רשימות שיעורים על סנהדרין	הערות על רשימות שיעורים על סנהדרין
הערות על שות הרשבא חלק ד	הערות על שו״ת הרשבא חלק ד
הערות על שות הרשבא חלק ד	הערות על שות הרשבא ד
הערות על שות הרשבא חלק ד	הערות על שות הרשבא חלק ד
הערות על שות הרשבא חלק ד	הערות על שו״ת רשב״א ד
הערות על שות הרשבא חלק ד	הערות על שו״ת רשב״א חלק ד
הערות על שות הרשבא חלק ד	רשב״א
הערות על שות הרשבא חלק ה	שו"ת הרשבא ח"ה
הערות על שות הרשבא חלק ה	שו"ת הרשבא חלק ה
הערות על שות הרשבא חלק ה	שו״ת הרשב״א
הערות על שות הרשבא חלק ה	הרשב״א
הערות על שות הרשבא חלק ה	רשב״א
הערות על שות הרשבא חלק ה	ח"ה
הערות על שות הרשבא חלק ה	הרשבא חלק ה
הערות על שות הרשבא חלק ו	הערות על שו"ת הרשב"א ח"ו
הערות על שות הרשבא חלק ו	הערות על שו"ת הרשב"א חלק ו
הערות על שות הרשבא חלק ו	הערות על שו״ת הרשב״א חלק ו
הערות על שות הרשבא חלק ו	הרשב״א חלק ו
הערות על שות הרשבא חלק ו	רשב״א חלק ו
הערות על שות הרשבא חלק ו	הערות על שו״ת רשב״א חלק ו
הערות על שות הרשבא חלק ז	הערות על שו"ת הרשבא חלק ז
הערות על שות הרשבא חלק ז	הערות על שו״ת הרשבא חלק ז
הערות על שות הרשבא חלק ז	הערות על שו"ת הרשבא ח"ז
הערות על שות הרשבא חלק ז	הערות על שות הרשבא חלק ז
הערות על שות הרשבא חלק ז	הערות על שו"ת רשב"א חלק ז
הערות על שות הרשבא חלק ז	הערות על שו"ת רשב"א ח"ז
הערות על שות הרשבא חלק ז	הערות שו"ת הרשבא חלק ז
הערות על שות הרשבא חלק ז	הערות שו"ת הרשבא ח"ז
הערות על שות הרשבא חלק ז	הערות שות רשב"א חלק ז
הערות על שות הרשבא חלק ז	הערות שות רשב"א ח"ז
הערות על שערי תורת ארץ ישראל על תלמוד ירושלמי בבא בתרא	הערות על שערי תורת ארץ ישראל על תלמוד ירושלמי בבא בתרא
הערות על שערי תורת ארץ ישראל על תלמוד ירושלמי ברכות	הערות על שערי תורת ארץ ישראל על תלמוד ירושלמי ברכות
הערות על שערי תורת ארץ ישראל על תלמוד ירושלמי גיטין	הערות על שערי תורת ארץ ישראל על תלמוד ירושלמי גיטין
הערות על שערי תורת ארץ ישראל על תלמוד ירושלמי גיטין	שערי תורת ארץ ישראל
הערות על שערי תורת ארץ ישראל על תלמוד ירושלמי גיטין	תורת ארץ ישראל על ירושלמי גיטין
הערות על שערי תורת ארץ ישראל על תלמוד ירושלמי גיטין	שתא״י
הערות על שערי תורת ארץ ישראל על תלמוד ירושלמי גיטין	תא״י
הערות על שערי תורת ארץ ישראל על תלמוד ירושלמי דמאי	הערות על שערי תורת ארץ ישראל על תלמוד ירושלמי דמאי
הערות על שערי תורת ארץ ישראל על תלמוד ירושלמי הוריות	הערות על שערי תורת ארץ ישראל על תלמוד ירושלמי הוריות
הערות על שערי תורת ארץ ישראל על תלמוד ירושלמי יומא	הערות על שערי תורת ארץ ישראל על תלמוד ירושלמי יומא
הערות על שערי תורת ארץ ישראל על תלמוד ירושלמי יומא	שע"י
הערות על שערי תורת ארץ ישראל על תלמוד ירושלמי יומא	השע"י
הערות על שערי תורת ארץ ישראל על תלמוד ירושלמי כלאים	הערות על שערי תורת ארץ ישראל על תלמוד ירושלמי כלאים
הערות על שערי תורת ארץ ישראל על תלמוד ירושלמי מועד קטן	הערות על שערי תורת ארץ ישראל על תלמוד ירושלמי מועד קטן
הערות על שערי תורת ארץ ישראל על תלמוד ירושלמי מועד קטן	שערי תורת ארץ ישראל
הערות על שערי תורת ארץ ישראל על תלמוד ירושלמי מועד קטן	שת"א
הערות על שערי תורת ארץ ישראל על תלמוד ירושלמי מועד קטן	הערות שערי תורת ארץ ישראל
הערות על שערי תורת ארץ ישראל על תלמוד ירושלמי מועד קטן	הערות שת"א
הערות על שערי תורת ארץ ישראל על תלמוד ירושלמי מועד קטן	הערות על שערי תורת א"י
הערות על שערי תורת ארץ ישראל על תלמוד ירושלמי מועד קטן	שערי תורת א"י על ירושלמי מועד קטן
הערות על שערי תורת ארץ ישראל על תלמוד ירושלמי מועד קטן	שערי תורת ארץ ישראל ירושלמי מועד קטן
הערות על שערי תורת ארץ ישראל על תלמוד ירושלמי מעשרות	הערות על שערי תורת ארץ ישראל על תלמוד ירושלמי מעשרות
הערות על שערי תורת ארץ ישראל על תלמוד ירושלמי מעשרות	שערי תורת ארץ ישראל
הערות על שערי תורת ארץ ישראל על תלמוד ירושלמי מעשרות	שערי תו״א
הערות על שערי תורת ארץ ישראל על תלמוד ירושלמי מעשרות	שערי תו.א
הערות על שערי תורת ארץ ישראל על תלמוד ירושלמי מעשרות	תלמוד ירושלמי
הערות על שערי תורת ארץ ישראל על תלמוד ירושלמי מעשרות	תלמוד ירושלמי מעשרות
הערות על שערי תורת ארץ ישראל על תלמוד ירושלמי מעשרות	י״י
הערות על שערי תורת ארץ ישראל על תלמוד ירושלמי מעשרות	י.י
הערות על שערי תורת ארץ ישראל על תלמוד ירושלמי מעשרות	ירושלמי מעשרות
הערות על שערי תורת ארץ ישראל על תלמוד ירושלמי מעשרות	ירושלמי מעשר
הערות על שערי תורת ארץ ישראל על תלמוד ירושלמי מעשרות	מעשרות
הערות על שערי תורת ארץ ישראל על תלמוד ירושלמי מעשרות	מעשר
הערות על שערי תורת ארץ ישראל על תלמוד ירושלמי מעשרות	הערות על שערי תורת ארץ ישראל
הערות על שערי תורת ארץ ישראל על תלמוד ירושלמי מעשרות	הערות שערי תו״א
הערות על שערי תורת ארץ ישראל על תלמוד ירושלמי מעשרות	הערות שערי תו.א
הערות על שערי תורת ארץ ישראל על תלמוד ירושלמי סוטה	הערות על שערי תורת ארץ ישראל על תלמוד ירושלמי סוטה
הערות על שערי תורת ארץ ישראל על תלמוד ירושלמי סנהדרין	הערות על שערי תורת ארץ ישראל על תלמוד ירושלמי סנהדרין
הערות על שערי תורת ארץ ישראל על תלמוד ירושלמי עירובין	הערות על שערי תורת ארץ ישראל על תלמוד ירושלמי עירובין
הערות על שערי תורת ארץ ישראל על תלמוד ירושלמי עירובין	שערי תורת ארץ ישראל
הערות על שערי תורת ארץ ישראל על תלמוד ירושלמי עירובין	שת"א
הערות על שערי תורת ארץ ישראל על תלמוד ירושלמי ערלה	הערות על שערי תורת ארץ ישראל על תלמוד ירושלמי ערלה
הערות על שערי תורת ארץ ישראל על תלמוד ירושלמי ערלה	ערלה
הערות על שערי תורת ארץ ישראל על תלמוד ירושלמי ערלה	ערלה"י
הערות על שערי תורת ארץ ישראל על תלמוד ירושלמי פסחים	הערות על שערי תורת ארץ ישראל על תלמוד ירושלמי פסחים
הערות על שערי תורת ארץ ישראל על תלמוד ירושלמי פסחים	הערות שערי תורת ארץ ישראל על ירושלמי פסחים
הערות על שערי תורת ארץ ישראל על תלמוד ירושלמי פסחים	שערי תורת ארץ ישראל פסחים
הערות על שערי תורת ארץ ישראל על תלמוד ירושלמי פסחים	שערי תורת ארץ ישראל ירושלמי
הערות על שערי תורת ארץ ישראל על תלמוד ירושלמי פסחים	שערי תורת ארצ"י
הערות על שערי תורת ארץ ישראל על תלמוד ירושלמי קידושין	הערות על שערי תורת ארץ ישראל על תלמוד ירושלמי קידושין
הערות על שערי תורת ארץ ישראל על תלמוד ירושלמי קידושין	שערי תורת ארץ ישראל על ירושלמי קידושין
הערות על שערי תורת ארץ ישראל על תלמוד ירושלמי קידושין	שערי תורת ארץ ישראל קידושין
הערות על שערי תורת ארץ ישראל על תלמוד ירושלמי קידושין	שת"א על ירושלמי קידושין
הערות על שערי תורת ארץ ישראל על תלמוד ירושלמי קידושין	שת"א קידושין
הערות על שערי תורת ארץ ישראל על תלמוד ירושלמי קידושין	שער"י על ירושלמי קידושין
הערות על שערי תורת ארץ ישראל על תלמוד ירושלמי קידושין	שער"י קידושין
הערות על שערי תורת ארץ ישראל על תלמוד ירושלמי ראש השנה	הערות על שערי תורת ארץ ישראל על תלמוד ירושלמי ראש השנה
הערות על שערי תורת ארץ ישראל על תלמוד ירושלמי שביעית	הערות על שערי תורת ארץ ישראל על תלמוד ירושלמי שביעית
הערות על שערי תורת ארץ ישראל על תלמוד ירושלמי שביעית	שערי תורת ארץ ישראל
הערות על שערי תורת ארץ ישראל על תלמוד ירושלמי שביעית	שערי תו״א
הערות על שערי תורת ארץ ישראל על תלמוד ירושלמי שביעית	שתא
הערות על שערי תורת ארץ ישראל על תלמוד ירושלמי שביעית	שערי תורת ארץ ישראל שביעית
הערות על שערי תורת ארץ ישראל על תלמוד ירושלמי שביעית	שערי תו״א שביעית
הערות על שערי תורת ארץ ישראל על תלמוד ירושלמי שביעית	שתא שביעית
הערות על שערי תורת ארץ ישראל על תלמוד ירושלמי שביעית	הערות שערי תורת ארץ ישראל שביעית
הערות על שערי תורת ארץ ישראל על תלמוד ירושלמי שביעית	הערות שערי תו״א שביעית
הערות על שערי תורת ארץ ישראל על תלמוד ירושלמי שביעית	הערות שתא שביעית
הערות על שערי תורת ארץ ישראל על תלמוד ירושלמי שבת	הערות על שערי תורת ארץ ישראל על תלמוד ירושלמי שבת
הערות על שערי תורת ארץ ישראל על תלמוד ירושלמי שבת	שערי תורת ארץ ישראל על תלמוד ירושלמי שבת
הערות על שערי תורת ארץ ישראל על תלמוד ירושלמי שבת	שערי תורת ארץ ישראל שבת
הערות על שערי תורת ארץ ישראל על תלמוד ירושלמי שבת	שערי תורת א"י על תלמוד ירושלמי שבת
הערות על שערי תורת ארץ ישראל על תלמוד ירושלמי שבת	שערי תורת א"י שבת
הערות על שערי תורת ארץ ישראל על תלמוד ירושלמי שבת	שערי תו"י על תלמוד ירושלמי שבת
הערות על שערי תורת ארץ ישראל על תלמוד ירושלמי שבת	שערי תו"י שבת
הערות על שערי תורת ארץ ישראל על תלמוד ירושלמי שבת	שת"י על תלמוד ירושלמי שבת
הערות על שערי תורת ארץ ישראל על תלמוד ירושלמי שבת	שת"י שבת
הערות על שערי תורת ארץ ישראל על תלמוד ירושלמי תרומות	הערות על שערי תורת ארץ ישראל על תלמוד ירושלמי תרומות
הערות על שערי תורת ארץ ישראל על תלמוד ירושלמי תרומות	הע"ש
הערות על שערי תורת ארץ ישראל על תלמוד ירושלמי תרומות	הערות שערי תורת ארץ ישראל על ירושלמי תרומות
הערות על שערי תורת ארץ ישראל על תלמוד ירושלמי תרומות	הערות שערי תורת ארץ ישראל ירושלמי תרומות
הערות על שערי תורת ארץ ישראל על תלמוד ירושלמי תרומות	הערות שערי תורת ארץ ישראל על יר"י תרומות
הערות על שערי תורת ארץ ישראל על תלמוד ירושלמי תרומות	שערי תורת ארץ ישראל על ירושלמי תרומות
הערות על שערי תורת ארץ ישראל על תלמוד ירושלמי תרומות	שערי תורת ארץ ישראל על יר"י תרומות
הערות על שערי תורת ארץ ישראל על תלמוד ירושלמי תרומות	שערי תורת ארץ ישראל על ירושלמי תרו"ם
הערות על שערי תורת ארץ ישראל על תלמוד ירושלמי תרומות	שערי תורת ארץ ישראל על יר"י תרו"ם
הערות על שערי תורת ארץ ישראל על תלמוד ירושלמי תרומות	ירושלמי תרומות
הערות על שערי תורת ארץ ישראל על תלמוד ירושלמי תרומות	יר"י תרומות
הערות על שערי תורת ארץ ישראל על תלמוד ירושלמי תרומות	ירושלמי תרו"ם
הערות על שערי תורת ארץ ישראל על תלמוד ירושלמי תרומות	יר"י תרו"ם
הערות על שערי תורת בבל על אבות דרבי נתן	הערות על שערי תורת בבל על אבות דרבי נתן
הערות על שערי תורת בבל על בבא בתרא	הערות על שערי תורת בבל על בבא בתרא
הערות על שערי תורת בבל על בבא מציעא	הערות על שערי תורת בבל על בבא מציעא
הערות על שערי תורת בבל על בבא מציעא	ב"מ
הערות על שערי תורת בבל על בבא מציעא	בב"מ
הערות על שערי תורת בבל על בבא קמא	הערות על שערי תורת בבל על בבא קמא
הערות על שערי תורת בבל על בבא קמא	שערי תורת בבל
הערות על שערי תורת בבל על בבא קמא	שערי תורה
הערות על שערי תורת בבל על בבא קמא	שערי תורה בבל
הערות על שערי תורת בבל על בבא קמא	שערי תורה דבבל
הערות על שערי תורת בבל על בבא קמא	שער"י בבל
הערות על שערי תורת בבל על בבא קמא	שערי
הערות על שערי תורת בבל על בבא קמא	בבא קמא
הערות על שערי תורת בבל על בבא קמא	ב"ק
הערות על שערי תורת בבל על בבא קמא	בב"ק
הערות על שערי תורת בבל על בבא קמא	ריף
הערות על שערי תורת בבל על בבא קמא	ריף בבא קמא
הערות על שערי תורת בבל על בבא קמא	ריף על בבא קמא
הערות על שערי תורת בבל על בבא קמא	אלפסי
הערות על שערי תורת בבל על בבא קמא	אלפסי בבא קמא
הערות על שערי תורת בבל על בבא קמא	אלפסי על בבא קמא
הערות על שערי תורת בבל על בבא קמא	פסקי הריף
הערות על שערי תורת בבל על בבא קמא	פסקי הריף על בבא קמא
הערות על שערי תורת בבל על בבא קמא	ריב"ש
הערות על שערי תורת בבל על ביצה	הערות על שערי תורת בבל על ביצה
הערות על שערי תורת בבל על ביצה	שט״ב
הערות על שערי תורת בבל על ביצה	ש.ט״ב
הערות על שערי תורת בבל על ביצה	ש.ט.ב
הערות על שערי תורת בבל על ביצה	הערות שט״ב על ביצה
הערות על שערי תורת בבל על ביצה	שט״ב על ביצה
הערות על שערי תורת בבל על בכורות	הערות על שערי תורת בבל על בכורות
הערות על שערי תורת בבל על בכורות	שת"ב
הערות על שערי תורת בבל על בכורות	שערי תורת בבל
הערות על שערי תורת בבל על בכורות	שת"ב על בכורות
הערות על שערי תורת בבל על בכורות	שערי תורת בבל על בכורות
הערות על שערי תורת בבל על ברכות	הערות על שערי תורת בבל על ברכות
הערות על שערי תורת בבל על ברכות	שת״ב על ברכות
הערות על שערי תורת בבל על ברכות	שת״ב ברכות
הערות על שערי תורת בבל על ברכות	שערי תורת בבל ברכות
הערות על שערי תורת בבל על ברכות	שת״ב
הערות על שערי תורת בבל על גיטין	הערות על שערי תורת בבל על גיטין
הערות על שערי תורת בבל על זבחים	הערות על שערי תורת בבל על זבחים
הערות על שערי תורת בבל על חגיגה	הערות על שערי תורת בבל על חגיגה
הערות על שערי תורת בבל על חולין	הערות על שערי תורת בבל על חולין
הערות על שערי תורת בבל על חולין	שערי תורת בבל
הערות על שערי תורת בבל על חולין	שערי תורה על חולין
הערות על שערי תורת בבל על חולין	שערי תורה בבל על חולין
הערות על שערי תורת בבל על חולין	שט״ב על חולין
הערות על שערי תורת בבל על חולין	שט״ב חולין
הערות על שערי תורת בבל על חולין	תורת בבל על חולין
הערות על שערי תורת בבל על חולין	תורת בבל חולין
הערות על שערי תורת בבל על חולין	בבל חולין
הערות על שערי תורת בבל על חולין	הערות שערי תורת בבל על חולין
הערות על שערי תורת בבל על חולין	הערות שט״ב על חולין
הערות על שערי תורת בבל על חולין	הערות שט״ב חולין
הערות על שערי תורת בבל על חולין	הערות על שט״ב על חולין
הערות על שערי תורת בבל על יבמות	הערות על שערי תורת בבל על יבמות
הערות על שערי תורת בבל על יבמות	שט״ב
הערות על שערי תורת בבל על יבמות	שט״ב יבמות
הערות על שערי תורת בבל על יבמות	שערי תורת בבל יבמות
הערות על שערי תורת בבל על יומא	הערות על שערי תורת בבל על יומא
הערות על שערי תורת בבל על כריתות	הערות על שערי תורת בבל על כריתות
הערות על שערי תורת בבל על כריתות	שערי תורה בבל על כריתות
הערות על שערי תורת בבל על כריתות	הערות שערי תורה בבל על כריתות
הערות על שערי תורת בבל על כריתות	שערי תורה בבל כריתות
הערות על שערי תורת בבל על כריתות	הערות שערי תורה בבל כריתות
הערות על שערי תורת בבל על כריתות	שערי תורה בבל
הערות על שערי תורת בבל על כריתות	הערות שערי תורה בבל
הערות על שערי תורת בבל על כריתות	שע"ת בבל על כריתות
הערות על שערי תורת בבל על כריתות	הערות שע"ת בבל על כריתות
הערות על שערי תורת בבל על כריתות	שע"ת בבל כריתות
הערות על שערי תורת בבל על כריתות	הערות שע"ת בבל
הערות על שערי תורת בבל על כריתות	שע"ת בבל
הערות על שערי תורת בבל על כריתות	כריתות
הערות על שערי תורת בבל על כריתות	כ"ר
הערות על שערי תורת בבל על כריתות	שערי תורה בבל על כר
הערות על שערי תורת בבל על כריתות	הערות שערי תורה בבל על כר
הערות על שערי תורת בבל על כריתות	שערי תורה בבל כר
הערות על שערי תורת בבל על כריתות	הערות שערי תורה בבל כר
הערות על שערי תורת בבל על כריתות	שע"ת בבל על כר
הערות על שערי תורת בבל על כריתות	הערות שע"ת בבל על כר
הערות על שערי תורת בבל על כריתות	שע"ת בבל כר
הערות על שערי תורת בבל על כריתות	הערות שע"ת בבל כר
הערות על שערי תורת בבל על כתובות	הערות על שערי תורת בבל על כתובות
הערות על שערי תורת בבל על כתובות	שערי תורת בבל על כתובות
הערות על שערי תורת בבל על כתובות	שערי תורת בבל
הערות על שערי תורת בבל על כתובות	שערי תורת בבל.
הערות על שערי תורת בבל על מגילה	הערות על שערי תורת בבל על מגילה
הערות על שערי תורת בבל על מועד קטן	הערות על שערי תורת בבל על מועד קטן
הערות על שערי תורת בבל על מועד קטן	הערות שערי תורת בבל על מועד קטן
הערות על שערי תורת בבל על מועד קטן	הערות שעה"ב על מועד קטן
הערות על שערי תורת בבל על מועד קטן	הערות שעה״ב מועד קטן
הערות על שערי תורת בבל על מועד קטן	שעה"ב על מועד קטן
הערות על שערי תורת בבל על מועד קטן	שעה״ב מועד קטן
הערות על שערי תורת בבל על מועד קטן	שעה"ב מק
הערות על שערי תורת בבל על מכות	הערות על שערי תורת בבל על מכות
הערות על שערי תורת בבל על מנחות	הערות על שערי תורת בבל על מנחות
הערות על שערי תורת בבל על מסכת דרך ארץ זוטא	הערות על שערי תורת בבל על מסכת דרך ארץ זוטא
הערות על שערי תורת בבל על מסכת דרך ארץ זוטא	שערי תורת בבל
הערות על שערי תורת בבל על מסכת דרך ארץ זוטא	שט״ב
הערות על שערי תורת בבל על מסכת דרך ארץ זוטא	שערי תורת בבל על מסכת דרך ארץ זוטא
הערות על שערי תורת בבל על מסכת דרך ארץ זוטא	דרך ארץ זוטא
הערות על שערי תורת בבל על מסכת דרך ארץ זוטא	דרא״ז
הערות על שערי תורת בבל על מסכת דרך ארץ זוטא	דרא.ז
הערות על שערי תורת בבל על מסכת סופרים	הערות על שערי תורת בבל על מסכת סופרים
הערות על שערי תורת בבל על מעילה	הערות על שערי תורת בבל על מעילה
הערות על שערי תורת בבל על מעילה	שערי תורת בבל על מעילה
הערות על שערי תורת בבל על מעילה	שערי תורה בבל על מעילה
הערות על שערי תורת בבל על משנה אהלות	הערות על שערי תורת בבל על משנה אהלות
הערות על שערי תורת בבל על משנה אהלות	הערות על שערי תורת בבל אהלות
הערות על שערי תורת בבל על משנה אהלות	הערות על שערי תורת בבל על-משנה אהלות
הערות על שערי תורת בבל על משנה דמאי	הערות על שערי תורת בבל על משנה דמאי
הערות על שערי תורת בבל על משנה דמאי	הערות על שערי תורת בבל דמאי
הערות על שערי תורת בבל על משנה דמאי	הערות על שערי תורת בבל על-משנה דמאי
הערות על שערי תורת בבל על משנה דמאי	הערות שערי תורת בבל על משנה דמאי
הערות על שערי תורת בבל על משנה דמאי	הערות על שערי תורת בבל משנה דמאי
הערות על שערי תורת בבל על משנה טהרות	הערות על שערי תורת בבל על משנה טהרות
הערות על שערי תורת בבל על משנה טהרות	הערות על שערי תורת בבל טהרות
הערות על שערי תורת בבל על משנה טהרות	הערות על שערי תורת בבל על-משנה טהרות
הערות על שערי תורת בבל על משנה טהרות	שערי תורת בבל
הערות על שערי תורת בבל על משנה טהרות	שערי תורת בבל טהרות
הערות על שערי תורת בבל על משנה טהרות	שערי תורת בבל על משנה טהרות
הערות על שערי תורת בבל על משנה כלאים	הערות על שערי תורת בבל על משנה כלאים
הערות על שערי תורת בבל על משנה כלאים	הערות על שערי תורת בבל כלאים
הערות על שערי תורת בבל על משנה כלאים	הערות על שערי תורת בבל על-משנה כלאים
הערות על שערי תורת בבל על משנה כלאים	כלאים
הערות על שערי תורת בבל על משנה כלים	הערות על שערי תורת בבל על משנה כלים
הערות על שערי תורת בבל על משנה כלים	הערות על שערי תורת בבל כלים
הערות על שערי תורת בבל על משנה כלים	הערות על שערי תורת בבל על-משנה כלים
הערות על שערי תורת בבל על משנה כלים	הערות על שערי בבל משנה כלים
הערות על שערי תורת בבל על משנה כלים	הערות על שערי בבל על כלים
הערות על שערי תורת בבל על משנה כלים	הערות על שערי בבל
הערות על שערי תורת בבל על משנה כלים	הערות שערי תורת בבל משנה כלים
הערות על שערי תורת בבל על משנה כלים	הערות שערי תורת בבל על כלים
הערות על שערי תורת בבל על משנה כלים	הערות שערי תורת בבל
הערות על שערי תורת בבל על משנה כלים	הערות שערי בבל משנה כלים
הערות על שערי תורת בבל על משנה כלים	הערות שערי בבל על כלים
הערות על שערי תורת בבל על משנה כלים	הערות שערי בבל
הערות על שערי תורת בבל על משנה כלים	הערות על שערי תורה בבל
הערות על שערי תורת בבל על משנה כלים	הערות על שערי תו״ב
הערות על שערי תורת בבל על משנה כלים	הערות שערי תורה בבל
הערות על שערי תורת בבל על משנה כלים	הערות שערי תו״ב
הערות על שערי תורת בבל על משנה כלים	שערי תורת בבל
הערות על שערי תורת בבל על משנה כלים	שערי תורה בבל
הערות על שערי תורת בבל על משנה כלים	שערי תו״ב
הערות על שערי תורת בבל על משנה כלים	שערי בבל
הערות על שערי תורת בבל על משנה נגעים	הערות על שערי תורת בבל על משנה נגעים
הערות על שערי תורת בבל על משנה נגעים	הערות על שערי תורת בבל נגעים
הערות על שערי תורת בבל על משנה נגעים	הערות על שערי תורת בבל על-משנה נגעים
הערות על שערי תורת בבל על משנה נגעים	שערי תורת בבל על משנה נגעים
הערות על שערי תורת בבל על משנה נגעים	שער"ב
הערות על שערי תורת בבל על משנה עוקצים	הערות על שערי תורת בבל על משנה עוקצים
הערות על שערי תורת בבל על משנה עוקצים	הערות על שערי תורת בבל עוקצים
הערות על שערי תורת בבל על משנה עוקצים	הערות על שערי תורת בבל על-משנה עוקצים
הערות על שערי תורת בבל על משנה פרה	הערות על שערי תורת בבל על משנה פרה
הערות על שערי תורת בבל על משנה פרה	הערות על שערי תורת בבל פרה
הערות על שערי תורת בבל על משנה פרה	הערות על שערי תורת בבל על-משנה פרה
הערות על שערי תורת בבל על משנה פרה	הערות שערי תורת בבל
הערות על שערי תורת בבל על משנה פרה	שערי תורת בבל על משנה פרה
הערות על שערי תורת בבל על משנה קינים	הערות על שערי תורת בבל על משנה קינים
הערות על שערי תורת בבל על משנה קינים	הערות על שערי תורת בבל קינים
הערות על שערי תורת בבל על משנה קינים	הערות על שערי תורת בבל על-משנה קינים
הערות על שערי תורת בבל על משנה שביעית	הערות על שערי תורת בבל על משנה שביעית
הערות על שערי תורת בבל על משנה שביעית	הערות על שערי תורת בבל שביעית
הערות על שערי תורת בבל על משנה שביעית	הערות על שערי תורת בבל על-משנה שביעית
הערות על שערי תורת בבל על נדה	הערות על שערי תורת בבל על נדה
הערות על שערי תורת בבל על נדרים	הערות על שערי תורת בבל על נדרים
הערות על שערי תורת בבל על נזיר	הערות על שערי תורת בבל על נזיר
הערות על שערי תורת בבל על סוטה	הערות על שערי תורת בבל על סוטה
הערות על שערי תורת בבל על סוכה	הערות על שערי תורת בבל על סוכה
הערות על שערי תורת בבל על סוכה	שט״ב סוכה
הערות על שערי תורת בבל על סוכה	שט״ב על סוכה
הערות על שערי תורת בבל על סוכה	שערי תורת בבל סוכה
הערות על שערי תורת בבל על סוכה	הערות שט״ב על סוכה
הערות על שערי תורת בבל על סנהדרין	הערות על שערי תורת בבל על סנהדרין
הערות על שערי תורת בבל על סנהדרין	הערות על שת"ב על סנהדרין
הערות על שערי תורת בבל על סנהדרין	הערות על שת"ב סנהדרין
הערות על שערי תורת בבל על סנהדרין	הערות שת"ב סנהדרין
הערות על שערי תורת בבל על סנהדרין	שת"ב על סנהדרין
הערות על שערי תורת בבל על סנהדרין	שת"ב סנהדרין
הערות על שערי תורת בבל על סנהדרין	סנהדר
הערות על שערי תורת בבל על סנהדרין	סנהד.
הערות על שערי תורת בבל על עבודה זרה	הערות על שערי תורת בבל על עבודה זרה
הערות על שערי תורת בבל על עירובין	הערות על שערי תורת בבל על עירובין
הערות על שערי תורת בבל על פסחים	הערות על שערי תורת בבל על פסחים
הערות על שערי תורת בבל על קידושין	הערות על שערי תורת בבל על קידושין
הערות על שערי תורת בבל על קידושין	הערות על שת״ב על קידושין
הערות על שערי תורת בבל על קידושין	הערות שערי תורה על קידושין
הערות על שערי תורת בבל על קידושין	הערות שתב על קידושין
הערות על שערי תורת בבל על קידושין	שת״ב קידושין
הערות על שערי תורת בבל על ראש השנה	הערות על שערי תורת בבל על ראש השנה
הערות על שערי תורת בבל על שבועות	הערות על שערי תורת בבל על שבועות
הערות על שערי תורת בבל על שבת	הערות על שערי תורת בבל על שבת
הערות על שערי תורת בבל על שבת	שערי תורת בבל על שבת
הערות על שערי תורת בבל על תמורה	הערות על שערי תורת בבל על תמורה
הערות על שערי תורת בבל על תמורה	שערי תורת בבל
הערות על שערי תורת בבל על תמורה	שע״ת בבל
הערות על שערי תורת בבל על תמורה	שערי תורת בבל על תמורה
הערות על שערי תורת בבל על תמורה	שע״ת בבל על תמורה
הערות על שערי תורת בבל על תמיד	הערות על שערי תורת בבל על תמיד
הערות על שערי תורת בבל על תמיד	הערות שערי תורת בבל תמיד
הערות על שערי תורת בבל על תמיד	הערות שערי תורת בבל. תמיד
הערות על שערי תורת בבל על תענית	הערות על שערי תורת בבל על תענית
הערות על תוספות הראש על קידושין	הערות תוספות הראש קידושין
הערות על תוספות הראש על קידושין	הערות תוס' הראש קידושין
הערות על תוספות הראש על קידושין	הערות תוס״ר קידושין
הערות על תוספות הראש על קידושין	הערות תוס' הראש על קידושין
הערות על תוספות הראש על קידושין	הערות תוס״ר על קידושין
הערות על תוספות הראש על קידושין	תוספות הראש על קידושין
הערות על תוספות הראש על קידושין	תוספות הראש קידושין
חידושי הראה על ברכות	חידושי הרא"ה ברכות
חידושי הראה על ברכות	חידושי הרא"ה על ברכות
חידושי הראה על ברכות	חידושי הראה על ברכות
חידושי הראה על ברכות	חידושי רא"ה ברכות
חידושי הראה על ברכות	חידושי רא"ה על ברכות
חידושי הראה על ברכות	רא"ה ברכות
חידושי הראה על ברכות	רא"ה על ברכות
חידושי הראה על ברכות	חידושי רא.ה ברכות
חידושי הראה על ברכות	חידושי רא.ה על ברכות
חידושי הראה על ברכות	חידושי ראה. ברכות
חידושי הראה על ברכות	חידושי ראה. על ברכות
חידושי הראה על ברכות	רא.ה ברכות
חידושי הראה על ברכות	רא.ה על ברכות
חידושי הראה על ברכות	ראה. ברכות
חידושי הראה על ברכות	ראה. על ברכות
טקסט הכתובה	טקסט הכתובה
טקסט הכתובה	טקסט-הכתובה
יד דוד על השס א-ב	יד דוד
יד דוד על השס א-ב	יד דוד על שס
יד דוד על השס א-ב	יד דוד שס
יין הטוב	יין הטוב
יין הטוב	יין-הטוב
יערות דבש	יערות דבש
יערות דבש	יערות-דבש
לכלל ולפרט	לכלל ולפרט
לכלל ולפרט	לכלל-ולפרט
מסורת התוספתא על בבא בתרא	מסורת התוספתא על בבא בתרא
מסורת התוספתא על בבא בתרא	מסורת התוספתא בבא בתרא
מסורת התוספתא על בבא בתרא	מסורת-התוספתא על בבא בתרא
מסורת התוספתא על בבא בתרא	מסורת תוספתא על בבא בתרא
מסורת התוספתא על בבא בתרא	מסורת תוספתא בבא בתרא
מסורת התוספתא על בבא בתרא	מסורת התוספתא על בב
מסורת התוספתא על בבא מציעא	מסורת התוספתא על בבא מציעא
מסורת התוספתא על בבא מציעא	מסורת התוספתא בבא מציעא
מסורת התוספתא על בבא מציעא	מסורת-התוספתא על בבא מציעא
מסורת התוספתא על בבא מציעא	מה״ת על בבא מציעא
מסורת התוספתא על בבא מציעא	מהת בבא מציעא
מסורת התוספתא על בבא מציעא	מסורת-התוספתא על במ״צ
מסורת התוספתא על בבא מציעא	מסורת התוספתא במ״צ
מסורת התוספתא על בבא מציעא	מהת על במ״צ
מסורת התוספתא על בבא מציעא	מסורת התוספתא על במ
מסורת התוספתא על בבא קמא	מסורת התוספתא בבא קמא
מסורת התוספתא על בבא קמא	מסורת התוספתא בק
מסורת התוספתא על בבא קמא	מסורת התוספתא ב:ק
מסורת התוספתא על בבא קמא	מסורת התוספתא על בק
מסורת התוספתא על ביכורים	מסורת התוספתא על ביכורים
מסורת התוספתא על ביכורים	מסורת התוספתא ביכורים
מסורת התוספתא על ביכורים	מסורת-התוספתא על ביכורים
מסורת התוספתא על ביצה	מסורת התוספתא על ביצה
מסורת התוספתא על ביצה	מסורת התוספתא ביצה
מסורת התוספתא על ביצה	מסורת-התוספתא על ביצה
מסורת התוספתא על ברכות	מסורת התוספתא על ברכות
מסורת התוספתא על ברכות	מסורת התוספתא ברכות
מסורת התוספתא על ברכות	מסורת-התוספתא על ברכות
מסורת התוספתא על גיטין	מסורת התוספתא על גיטין
מסורת התוספתא על גיטין	מסורת התוספתא גיטין
מסורת התוספתא על גיטין	מסורת-התוספתא על גיטין
מסורת התוספתא על גיטין	תוספתא על גיטין
מסורת התוספתא על גיטין	תוספתא גיטין
מסורת התוספתא על דמאי	מסורת התוספתא על דמאי
מסורת התוספתא על דמאי	מסורת התוספתא דמאי
מסורת התוספתא על דמאי	מסורת-התוספתא על דמאי
מסורת התוספתא על דמאי	תוספתא על דמאי
מסורת התוספתא על דמאי	תוספתא דמאי
מסורת התוספתא על דמאי	התוספתא על דמאי
מסורת התוספתא על דמאי	התוספתא דמאי
מסורת התוספתא על דמאי	מסורת תוספתא על דמאי
מסורת התוספתא על דמאי	מסורת תוספתא דמאי
מסורת התוספתא על דמאי	מס״ת על דמאי
מסורת התוספתא על דמאי	מס״ת דמאי
מסורת התוספתא על חגיגה	מסורת התוספתא על חגיגה
מסורת התוספתא על חגיגה	מסורת התוספתא חגיגה
מסורת התוספתא על חגיגה	מסורת-התוספתא על חגיגה
מסורת התוספתא על חגיגה	מסורת התוספתא
מסורת התוספתא על חלה	מסורת התוספתא על חלה
מסורת התוספתא על חלה	מסורת התוספתא חלה
מסורת התוספתא על חלה	מסורת-התוספתא על חלה
מסורת התוספתא על חלה	תוספתא חלה
מסורת התוספתא על חלה	התוספתא על חלה
מסורת התוספתא על חלה	תוספתא על חלה
מסורת התוספתא על חלה	מסורת על חלה
מסורת התוספתא על יבמות	מסורת התוספתא על יבמות
מסורת התוספתא על יבמות	מסורת התוספתא יבמות
מסורת התוספתא על יבמות	מסורת-התוספתא על יבמות
מסורת התוספתא על יומא	מסורת התוספתא על יומא
מסורת התוספתא על יומא	מסורת התוספתא יומא
מסורת התוספתא על יומא	מסורת-התוספתא על יומא
מסורת התוספתא על יומא	מסורת תוספתא על יומא
מסורת התוספתא על יומא	מסורת תוספתא יומא
מסורת התוספתא על כלאים	מסורת התוספתא על כלאים
מסורת התוספתא על כלאים	מסורת התוספתא כלאים
מסורת התוספתא על כלאים	מסורת-התוספתא על כלאים
מסורת התוספתא על כלאים	מסורת תוספתא על כלאים
מסורת התוספתא על כלאים	מסורת תוספתא כלאים
מסורת התוספתא על כלאים	תוספתא על כלאים
מסורת התוספתא על כלאים	תוספתא כלאים
מסורת התוספתא על כתובות	מסורת התוספתא על כתובות
מסורת התוספתא על כתובות	מסורת התוספתא כתובות
מסורת התוספתא על כתובות	מסורת-התוספתא על כתובות
מסורת התוספתא על מגילה	מסורת התוספתא על מגילה
מסורת התוספתא על מגילה	מסורת התוספתא מגילה
מסורת התוספתא על מגילה	מסורת-התוספתא על מגילה
מסורת התוספתא על מועד קטן	מסורת התוספתא על מועד קטן
מסורת התוספתא על מועד קטן	מסורת התוספתא מועד קטן
מסורת התוספתא על מועד קטן	מסורת-התוספתא על מועד קטן
מסורת התוספתא על מועד קטן	מסורת-התוספתא על מועד
מסורת התוספתא על מועד קטן	מסורת-התוספתא מועד
מסורת התוספתא על מועד קטן	מסורת התוספתא על מוק
מסורת התוספתא על מעשר שני	מסורת התוספתא על מעשר שני
מסורת התוספתא על מעשר שני	מסורת התוספתא מעשר שני
מסורת התוספתא על מעשר שני	מסורת-התוספתא על מעשר שני
מסורת התוספתא על מעשרות	מסורת התוספתא על מעשרות
מסורת התוספתא על מעשרות	מסורת התוספתא מעשרות
מסורת התוספתא על מעשרות	מסורת-התוספתא על מעשרות
מסורת התוספתא על נדרים	מסורת התוספתא על נדרים
מסורת התוספתא על נדרים	מסורת התוספתא נדרים
מסורת התוספתא על נדרים	מסורת-התוספתא על נדרים
מסורת התוספתא על נזיר	מסורת התוספתא על נזיר
מסורת התוספתא על נזיר	מסורת התוספתא נזיר
מסורת התוספתא על נזיר	מסורת-התוספתא על נזיר
מסורת התוספתא על נזיר	תוספתא נזיר
מסורת התוספתא על נזיר	תספתא נזיר
מסורת התוספתא על נזיר	תוספתא על נזיר
מסורת התוספתא על נזיר	תספתא על נזיר
מסורת התוספתא על נזיר	מסורת תוספתא נזיר
מסורת התוספתא על נזיר	מסורת תספתא נזיר
מסורת התוספתא על סוטה	מסורת התוספתא על סוטה
מסורת התוספתא על סוטה	מסורת התוספתא סוטה
מסורת התוספתא על סוטה	מסורת-התוספתא על סוטה
מסורת התוספתא על סוכה	מסורת התוספתא על סוכה
מסורת התוספתא על סוכה	מסורת התוספתא סוכה
מסורת התוספתא על סוכה	מסורת-התוספתא על סוכה
מסורת התוספתא על סוכה	מסורת תוספתא על סוכה
מסורת התוספתא על סוכה	מסורת תוספתא סוכה
מסורת התוספתא על עירובין	מסורת התוספתא על עירובין
מסורת התוספתא על עירובין	מסורת התוספתא עירובין
מסורת התוספתא על עירובין	מסורת-התוספתא על עירובין
מסורת התוספתא על עירובין	תוספתא עירובין
מסורת התוספתא על עירובין	תוספתא על עירובין
מסורת התוספתא על עירובין	מסורת תוספתא עירובין
מסורת התוספתא על עירובין	מסורת תוספתא על עירובין
מסורת התוספתא על ערלה	מסורת התוספתא על ערלה
מסורת התוספתא על ערלה	מסורת התוספתא ערלה
מסורת התוספתא על ערלה	מסורת-התוספתא על ערלה
מסורת התוספתא על פאה	מסורת התוספתא על פאה
מסורת התוספתא על פאה	מסורת התוספתא פאה
מסורת התוספתא על פאה	מסורת-התוספתא על פאה
מסורת התוספתא על פסחים	מסורת התוספתא על פסחים
מסורת התוספתא על פסחים	מסורת התוספתא פסחים
מסורת התוספתא על פסחים	מסורת-התוספתא על פסחים
מסורת התוספתא על פסחים	מסורת תוספתא על פסחים
מסורת התוספתא על פסחים	מסורת תוספתא פסחים
מסורת התוספתא על קידושין	מסורת התוספתא על קידושין
מסורת התוספתא על קידושין	מסורת התוספתא קידושין
מסורת התוספתא על קידושין	מסורת-התוספתא על קידושין
מסורת התוספתא על ראש השנה	מסורת התוספתא על ראש השנה
מסורת התוספתא על ראש השנה	מסורת התוספתא ראש השנה
מסורת התוספתא על ראש השנה	מסורת-התוספתא על ראש השנה
מסורת התוספתא על ראש השנה	מסורת התוספתא על ראששנה
מסורת התוספתא על ראש השנה	מסורת התוספתא ראששנה
מסורת התוספתא על ראש השנה	מסורת תוספתא על ראש השנה
מסורת התוספתא על ראש השנה	מסורת תוספתא ראש השנה
מסורת התוספתא על ראש השנה	תוספתא על ראש השנה
מסורת התוספתא על ראש השנה	תוספתא ראש השנה
מסורת התוספתא על ראש השנה	מסורת התוספתא על רה
מסורת התוספתא על שביעית	מסורת התוספתא על שביעית
מסורת התוספתא על שביעית	מסורת התוספתא שביעית
מסורת התוספתא על שביעית	מסורת-התוספתא על שביעית
מסורת התוספתא על שבת	מסורת התוספתא על שבת
מסורת התוספתא על שבת	מסורת התוספתא שבת
מסורת התוספתא על שבת	מסורת-התוספתא על שבת
מסורת התוספתא על שקלים	מסורת התוספתא על שקלים
מסורת התוספתא על שקלים	מסורת התוספתא שקלים
מסורת התוספתא על שקלים	מסורת-התוספתא על שקלים
מסורת התוספתא על שקלים	מסורת תוספתא על שקלים
מסורת התוספתא על שקלים	מסורת תוספתא שקלים
מסורת התוספתא על תענית	מסורת התוספתא על תענית
מסורת התוספתא על תענית	מסורת התוספתא תענית
מסורת התוספתא על תענית	מסורת-התוספתא על תענית
מסורת התוספתא על תרומות	מסורת התוספתא על תרומות
מסורת התוספתא על תרומות	מסורת התוספתא תרומות
מסורת התוספתא על תרומות	מסורת-התוספתא על תרומות
מסורת התוספתא על תרומות	מסורת התוספתא
מערכת היידענהיים על הגדה של פסח	מערכת היידענהיים על הגדה של פסח
מערכת היידענהיים על הגדה של פסח	מערכת היידענהיים הגדה של פסח
מערכת היידענהיים על הגדה של פסח	מערכת-היידענהיים על הגדה של פסח
מרכבת המשנה על הלכות יום טוב	מרכבת המשנה על הלכות יוט
מרכבת המשנה על הלכות עבודה זרה	מרכבת המשנה על הלכות עז
מרכבת המשנה על הלכות תלמוד תורה	מרכבת המשנה על הלכות תת
משפטי עוזיאל	משפטי עוזיאל
משפטי עוזיאל	משפטי-עוזיאל
ספר היובלים	היובלים
פירוש קצר על בבא בתרא	פירוש קצר על בבא בתרא
פירוש קצר על בבא בתרא	פירוש קצר בבא בתרא
פירוש קצר על בבא בתרא	פירוש-קצר על בבא בתרא
פירוש קצר על בבא בתרא	קצר על בבא בתרא
פירוש קצר על בבא בתרא	פירוש קצר על ב״ת
פירוש קצר על בבא בתרא	פירוש קצר על בב
פירוש קצר על בבא מציעא	פירוש קצר על בבא מציעא
פירוש קצר על בבא מציעא	פירוש קצר בבא מציעא
פירוש קצר על בבא מציעא	פירוש-קצר על בבא מציעא
פירוש קצר על בבא מציעא	פירוש קצר על במ
פירוש קצר על בבא קמא	פירוש קצר על בבא קמא
פירוש קצר על בבא קמא	פירוש קצר בבא קמא
פירוש קצר על בבא קמא	פירוש-קצר על בבא קמא
פירוש קצר על בבא קמא	פירוש קצר על בק
פירוש קצר על ביכורים	פירוש קצר על ביכורים
פירוש קצר על ביכורים	פירוש קצר ביכורים
פירוש קצר על ביכורים	פירוש-קצר על ביכורים
פירוש קצר על ביצה	פירוש קצר על ביצה
פירוש קצר על ביצה	פירוש קצר ביצה
פירוש קצר על ביצה	פירוש-קצר על ביצה
פירוש קצר על ביצה	פסכ
פירוש קצר על ביצה	ביצ
פירוש קצר על ביצה	פירוש קצר על בצ
פירוש קצר על ביצה	פירוש קצר על ביצ
פירוש קצר על ביצה	פירוש קצר בצה
פירוש קצר על ברכות	פירוש קצר על ברכות
פירוש קצר על ברכות	פירוש קצר ברכות
פירוש קצר על ברכות	פירוש-קצר על ברכות
פירוש קצר על ברכות	קצר על ברכות
פירוש קצר על ברכות	פירוש ברכות
פירוש קצר על ברכות	קצר ברכות
פירוש קצר על ברכות	ברכות פירוש קצר
פירוש קצר על גיטין	פירוש קצר על גיטין
פירוש קצר על גיטין	פירוש קצר גיטין
פירוש קצר על גיטין	פירוש-קצר על גיטין
פירוש קצר על דמאי	פירוש קצר על דמאי
פירוש קצר על דמאי	פירוש קצר דמאי
פירוש קצר על דמאי	פירוש-קצר על דמאי
פירוש קצר על דמאי	פירוש קצר
פירוש קצר על דמאי	פירוש קצר על דמאי.
פירוש קצר על חגיגה	פירוש קצר על חגיגה
פירוש קצר על חגיגה	פירוש קצר חגיגה
פירוש קצר על חגיגה	פירוש-קצר על חגיגה
פירוש קצר על חלה	פירוש קצר על חלה
פירוש קצר על חלה	פירוש קצר חלה
פירוש קצר על חלה	פירוש-קצר על חלה
פירוש קצר על חלה	פירוש חלה
פירוש קצר על חלה	קצר על חלה
פירוש קצר על חלה	פירוש קצר על מסכת חלה
פירוש קצר על חלה	פירוש קצר על מס׳ חלה
פירוש קצר על חלה	פירוש חלה מסכתא
פירוש קצר על יבמות	פירוש קצר על יבמות
פירוש קצר על יבמות	פירוש קצר יבמות
פירוש קצר על יבמות	פירוש-קצר על יבמות
פירוש קצר על יבמות	קצר על יבמות
פירוש קצר על יבמות	פירוש יבמות
פירוש קצר על יומא	פירוש קצר על יומא
פירוש קצר על יומא	פירוש קצר יומא
פירוש קצר על יומא	פירוש-קצר על יומא
פירוש קצר על כלאים	פירוש קצר על כלאים
פירוש קצר על כלאים	פירוש קצר כלאים
פירוש קצר על כלאים	פירוש-קצר על כלאים
פירוש קצר על כלאים	פיקעע
פירוש קצר על כלאים	פִִיקעעע
פירוש קצר על כתובות	פירוש קצר על כתובות
פירוש קצר על כתובות	פירוש קצר כתובות
פירוש קצר על כתובות	פירוש-קצר על כתובות
פירוש קצר על כתובות	פירוש על כתובות
פירוש קצר על מגילה	פירוש קצר על מגילה
פירוש קצר על מגילה	פירוש קצר מגילה
פירוש קצר על מגילה	פירוש-קצר על מגילה
פירוש קצר על מועד קטן	פירוש קצר על מועד קטן
פירוש קצר על מועד קטן	פירוש קצר מועד קטן
פירוש קצר על מועד קטן	פירוש-קצר על מועד קטן
פירוש קצר על מועד קטן	פירוש קצר מ״ק
פירוש קצר על מועד קטן	מועד קטן
פירוש קצר על מועד קטן	מ״ק
פירוש קצר על מועד קטן	קצר על מועד קטן
פירוש קצר על מועד קטן	קצר מועד קטן
פירוש קצר על מועד קטן	קצר מ״ק
פירוש קצר על מועד קטן	פירוש קצר על מוק
פירוש קצר על מעשר שני	פירוש קצר על מעשר שני
פירוש קצר על מעשר שני	פירוש קצר מעשר שני
פירוש קצר על מעשר שני	פירוש-קצר על מעשר שני
פירוש קצר על מעשר שני	פירוש קצר על מע״ש
פירוש קצר על מעשר שני	פירוש קצר מע״ש
פירוש קצר על מעשרות	פירוש קצר על מעשרות
פירוש קצר על מעשרות	פירוש קצר מעשרות
פירוש קצר על מעשרות	פירוש-קצר על מעשרות
פירוש קצר על נדרים	פירוש קצר על נדרים
פירוש קצר על נדרים	פירוש קצר נדרים
פירוש קצר על נדרים	פירוש-קצר על נדרים
פירוש קצר על נדרים	פירוש נדרים
פירוש קצר על נדרים	קצר על נדרים
פירוש קצר על נזיר	פירוש קצר על נזיר
פירוש קצר על נזיר	פירוש קצר נזיר
פירוש קצר על נזיר	פירוש-קצר על נזיר
פירוש קצר על נזיר	קצר פירוש על נזיר
פירוש קצר על נזיר	קצר פירוש נזיר
פירוש קצר על נזיר	פירוש נזיר
פירוש קצר על נזיר	נזיר פירוש קצר
פירוש קצר על נזיר	נזיר קצר פירוש
פירוש קצר על סוטה	פירוש קצר על סוטה
פירוש קצר על סוטה	פירוש קצר סוטה
פירוש קצר על סוטה	פירוש-קצר על סוטה
פירוש קצר על סוכה	פירוש קצר על סוכה
פירוש קצר על סוכה	פירוש קצר סוכה
פירוש קצר על סוכה	פירוש-קצר על סוכה
פירוש קצר על סוכה	פירוש סוכה
פירוש קצר על סוכה	סוכה
פירוש קצר על עירובין	פירוש קצר על עירובין
פירוש קצר על עירובין	פירוש קצר עירובין
פירוש קצר על עירובין	פירוש-קצר על עירובין
פירוש קצר על עירובין	עירובין
פירוש קצר על ערלה	פירוש קצר על ערלה
פירוש קצר על ערלה	פירוש קצר ערלה
פירוש קצר על ערלה	פירוש-קצר על ערלה
פירוש קצר על פאה	פירוש קצר על פאה
פירוש קצר על פאה	פירוש קצר פאה
פירוש קצר על פאה	פירוש-קצר על פאה
פירוש קצר על פסחים	פירוש קצר על פסחים
פירוש קצר על פסחים	פירוש קצר פסחים
פירוש קצר על פסחים	פירוש-קצר על פסחים
פירוש קצר על קידושין	פירוש קצר על קידושין
פירוש קצר על קידושין	פירוש קצר קידושין
פירוש קצר על קידושין	פירוש-קצר על קידושין
פירוש קצר על ראש השנה	פירוש קצר על ראש השנה
פירוש קצר על ראש השנה	פירוש קצר ראש השנה
פירוש קצר על ראש השנה	פירוש-קצר על ראש השנה
פירוש קצר על ראש השנה	פירוש קצר על רה
פירוש קצר על שביעית	פירוש קצר על שביעית
פירוש קצר על שביעית	פירוש קצר שביעית
פירוש קצר על שביעית	פירוש-קצר על שביעית
פירוש קצר על שבת	פירוש קצר על שבת
פירוש קצר על שבת	פירוש קצר שבת
פירוש קצר על שבת	פירוש-קצר על שבת
פירוש קצר על שקלים	פירוש קצר על שקלים
פירוש קצר על שקלים	פירוש קצר שקלים
פירוש קצר על שקלים	פירוש-קצר על שקלים
פירוש קצר על שקלים	פירוש על שקלים
פירוש קצר על תענית	פירוש קצר על תענית
פירוש קצר על תענית	פירוש קצר תענית
פירוש קצר על תענית	פירוש-קצר על תענית
פירוש קצר על תרומות	פירוש קצר על תרומות
פירוש קצר על תרומות	פירוש קצר תרומות
פירוש קצר על תרומות	פירוש-קצר על תרומות
צדקה ומשפט	צדקה ומשפט
צדקה ומשפט	צדקה-ומשפט
צלח על ברכות	צלח על ברכות
צלח על ברכות	צלח ברכות
צלח על זבחים	צלח על זבחים
צלח על זבחים	זבחים
צלח על זבחים	זב״ים
צלח על זבחים	זב
צלח על זבחים	זבח
צלח על חגיגה	צלח על חגיגה
צלח על חגיגה	צלח חגיגה
צלח על חגיגה	מסכת חגיגה
צלח על חגיגה	מכת חגיגה
צלח על חגיגה	חגיגה
צלח על חולין	צלח על חולין
צלח על חולין	צלח חולין
צלח על מגילה	צלח על מגילה
צלח על מגילה	צלח מגילה
צלח על מגילה	ע"מ
צלח על מנחות	צלח על מנחות
צלח על מנחות	צלח מנחות
צלח על עירובין	צלח על עירובין
צלח על ראש השנה	צלח על ראש השנה
צלח על ראש השנה	צלח ראש השנה
צלח על שבת	צלח על שבת
צלח על שבת	צלח שבת
צלח על שבת	צלח
צלח על תענית	צלח על תענית
צלח על תענית	צלח תענית
קול התור	קול התור
קול התור	קול-התור
רבינו ירוחם	רבינו ירוחם
רבינו ירוחם	רירוחם
רבינו ירוחם	ירוחם
רבינו ירוחם	רי"ו
רבינו ירוחם	רבי ירוחם
שבת הארץ	שבת הארץ
שבת הארץ	שבת-הארץ
שינויי נוסחאות על בבא בתרא	שינויי נוסחאות על בבא בתרא
שינויי נוסחאות על בבא בתרא	שינויי נוסחאות בבא בתרא
שינויי נוסחאות על בבא בתרא	שינויי-נוסחאות על בבא בתרא
שינויי נוסחאות על בבא בתרא	שינויי נוסחאות על בבת״ע
שינויי נוסחאות על בבא בתרא	שינויי נוסחאות בבת״ע
שינויי נוסחאות על בבא בתרא	שינויי נוסחאות על בב
שינויי נוסחאות על בבא מציעא	שינויי נוסחאות על בבא מציעא
שינויי נוסחאות על בבא מציעא	שינויי נוסחאות בבא מציעא
שינויי נוסחאות על בבא מציעא	שינויי-נוסחאות על בבא מציעא
שינויי נוסחאות על בבא מציעא	שנב"מ
שינויי נוסחאות על בבא מציעא	שינויי נוסחאות על במ
שינויי נוסחאות על בבא קמא	שינויי נוסחאות על בבא קמא
שינויי נוסחאות על בבא קמא	שינויי נוסחאות בבא קמא
שינויי נוסחאות על בבא קמא	שינויי-נוסחאות על בבא קמא
שינויי נוסחאות על בבא קמא	בבא קמא
שינויי נוסחאות על בבא קמא	ב"ק
שינויי נוסחאות על בבא קמא	בקמא
שינויי נוסחאות על בבא קמא	שינויי נוסחאות על ב"ק
שינויי נוסחאות על בבא קמא	שינויי נוסחאות ב"ק
שינויי נוסחאות על בבא קמא	שינוי נוסחאות בבא קמא
שינויי נוסחאות על ביכורים	שינויי נוסחאות על ביכורים
שינויי נוסחאות על ביכורים	שינויי נוסחאות ביכורים
שינויי נוסחאות על ביכורים	שינויי-נוסחאות על ביכורים
שינויי נוסחאות על ביצה	שינויי נוסחאות על ביצה
שינויי נוסחאות על ביצה	שינויי נוסחאות ביצה
שינויי נוסחאות על ביצה	שינויי-נוסחאות על ביצה
שינויי נוסחאות על ברכות	שינויי נוסחאות על ברכות
שינויי נוסחאות על ברכות	שינויי נוסחאות ברכות
שינויי נוסחאות על ברכות	שינויי-נוסחאות על ברכות
שינויי נוסחאות על גיטין	שינויי נוסחאות על גיטין
שינויי נוסחאות על גיטין	שינויי נוסחאות גיטין
שינויי נוסחאות על גיטין	שינויי-נוסחאות על גיטין
שינויי נוסחאות על גיטין	שינויי נוסחאות
שינויי נוסחאות על גיטין	נוסחאות גיטין
שינויי נוסחאות על גיטין	גיטין שינויי נוסחאות
שינויי נוסחאות על דמאי	שינויי נוסחאות על דמאי
שינויי נוסחאות על דמאי	שינויי נוסחאות דמאי
שינויי נוסחאות על דמאי	שינויי-נוסחאות על דמאי
שינויי נוסחאות על חגיגה	שינויי נוסחאות על חגיגה
שינויי נוסחאות על חגיגה	שינויי נוסחאות חגיגה
שינויי נוסחאות על חגיגה	שינויי-נוסחאות על חגיגה
שינויי נוסחאות על חלה	שינויי נוסחאות על חלה
שינויי נוסחאות על חלה	שינויי נוסחאות חלה
שינויי נוסחאות על חלה	שינויי-נוסחאות על חלה
שינויי נוסחאות על יבמות	שינויי נוסחאות על יבמות
שינויי נוסחאות על יבמות	שינויי נוסחאות יבמות
שינויי נוסחאות על יבמות	שינויי-נוסחאות על יבמות
שינויי נוסחאות על יבמות	שינויי נוסחאות
שינויי נוסחאות על יבמות	ש"נ יבמות
שינויי נוסחאות על יבמות	שינוי"נ יבמות
שינויי נוסחאות על יבמות	שינוי נוסחאות יבמות
שינויי נוסחאות על יבמות	שינוי-נוסחאות
שינויי נוסחאות על יבמות	שינוי נוסחאות על יבמות
שינויי נוסחאות על יומא	שינויי נוסחאות על יומא
שינויי נוסחאות על יומא	שינויי נוסחאות יומא
שינויי נוסחאות על יומא	שינויי-נוסחאות על יומא
שינויי נוסחאות על כלאים	שינויי נוסחאות על כלאים
שינויי נוסחאות על כלאים	שינויי נוסחאות כלאים
שינויי נוסחאות על כלאים	שינויי-נוסחאות על כלאים
שינויי נוסחאות על כלאים	שינויי נוסחאות על מסכת כלאים
שינויי נוסחאות על כלאים	כלאי"ם
שינויי נוסחאות על כלאים	שנ"נ
שינויי נוסחאות על כתובות	שינויי נוסחאות על כתובות
שינויי נוסחאות על כתובות	שינויי נוסחאות כתובות
שינויי נוסחאות על כתובות	שינויי-נוסחאות על כתובות
שינויי נוסחאות על מגילה	שינויי נוסחאות על מגילה
שינויי נוסחאות על מגילה	שינויי נוסחאות מגילה
שינויי נוסחאות על מגילה	שינויי-נוסחאות על מגילה
שינויי נוסחאות על מועד קטן	שינויי נוסחאות על מועד קטן
שינויי נוסחאות על מועד קטן	שינויי נוסחאות מועד קטן
שינויי נוסחאות על מועד קטן	שינויי-נוסחאות על מועד קטן
שינויי נוסחאות על מועד קטן	שינויי נוסחאות על מוק
שינויי נוסחאות על מעשר שני	שינויי נוסחאות על מעשר שני
שינויי נוסחאות על מעשר שני	שינויי נוסחאות מעשר שני
שינויי נוסחאות על מעשר שני	שינויי-נוסחאות על מעשר שני
שינויי נוסחאות על מעשר שני	שינויי נוסחאות מעש״ש
שינויי נוסחאות על מעשר שני	שינויי נוסחאות מעשר ב׳
שינויי נוסחאות על מעשר שני	שינויי נוסחאות על מעש״ש
שינויי נוסחאות על מעשר שני	שינויי נוסחאות על מעשר ב׳
שינויי נוסחאות על מעשרות	שינויי נוסחאות על מעשרות
שינויי נוסחאות על מעשרות	שינויי נוסחאות מעשרות
שינויי נוסחאות על מעשרות	שינויי-נוסחאות על מעשרות
שינויי נוסחאות על נדרים	שינויי נוסחאות על נדרים
שינויי נוסחאות על נדרים	שינויי נוסחאות נדרים
שינויי נוסחאות על נדרים	שינויי-נוסחאות על נדרים
שינויי נוסחאות על נזיר	שינויי נוסחאות על נזיר
שינויי נוסחאות על נזיר	שינויי נוסחאות נזיר
שינויי נוסחאות על נזיר	שינויי-נוסחאות על נזיר
שינויי נוסחאות על נזיר	שנ"ן
שינויי נוסחאות על נזיר	שנ"ן שינויי נוסחאות
שינויי נוסחאות על נזיר	שנ"ן על נזיר
שינויי נוסחאות על נזיר	שנ"ן נזיר
שינויי נוסחאות על נזיר	שנו"ן
שינויי נוסחאות על נזיר	שנו"ן שינויי נוסחאות
שינויי נוסחאות על נזיר	שנו"ן על נזיר
שינויי נוסחאות על נזיר	שנו"ן נזיר
שינויי נוסחאות על סוטה	שינויי נוסחאות על סוטה
שינויי נוסחאות על סוטה	שינויי נוסחאות סוטה
שינויי נוסחאות על סוטה	שינויי-נוסחאות על סוטה
שינויי נוסחאות על סוטה	שינוי נוסחאות על סוטה
שינויי נוסחאות על סוטה	שינוי נוסחאות סוטה
שינויי נוסחאות על סוכה	שינויי נוסחאות על סוכה
שינויי נוסחאות על סוכה	שינויי נוסחאות סוכה
שינויי נוסחאות על סוכה	שינויי-נוסחאות על סוכה
שינויי נוסחאות על סוכה	שינויי נוסח על סוכה
שינויי נוסחאות על סוכה	שינויי נוסח סוכה
שינויי נוסחאות על סוכה	שו"נ על סוכה
שינויי נוסחאות על סוכה	שו"נ סוכה
שינויי נוסחאות על סוכה	שינויי נוסחא על סוכה
שינויי נוסחאות על סוכה	שינויי נוסחא סוכה
שינויי נוסחאות על עירובין	שינויי נוסחאות על עירובין
שינויי נוסחאות על עירובין	שינויי נוסחאות עירובין
שינויי נוסחאות על עירובין	שינויי-נוסחאות על עירובין
שינויי נוסחאות על ערלה	שינויי נוסחאות על ערלה
שינויי נוסחאות על ערלה	שינויי נוסחאות ערלה
שינויי נוסחאות על ערלה	שינויי-נוסחאות על ערלה
שינויי נוסחאות על פאה	שינויי נוסחאות על פאה
שינויי נוסחאות על פאה	שינויי נוסחאות פאה
שינויי נוסחאות על פאה	שינויי-נוסחאות על פאה
שינויי נוסחאות על פסחים	שינויי נוסחאות על פסחים
שינויי נוסחאות על פסחים	שינויי נוסחאות פסחים
שינויי נוסחאות על פסחים	שינויי-נוסחאות על פסחים
שינויי נוסחאות על קידושין	שינויי נוסחאות על קידושין
שינויי נוסחאות על קידושין	שינויי נוסחאות קידושין
שינויי נוסחאות על קידושין	שינויי-נוסחאות על קידושין
שינויי נוסחאות על ראש השנה	שינויי נוסחאות על ראש השנה
שינויי נוסחאות על ראש השנה	שינויי נוסחאות ראש השנה
שינויי נוסחאות על ראש השנה	שינויי-נוסחאות על ראש השנה
שינויי נוסחאות על ראש השנה	שינויי נוסחאות על רה
שינויי נוסחאות על שביעית	שינויי נוסחאות על שביעית
שינויי נוסחאות על שביעית	שינויי נוסחאות שביעית
שינויי נוסחאות על שביעית	שינויי-נוסחאות על שביעית
שינויי נוסחאות על שביעית	שו״נ על שביעית
שינויי נוסחאות על שביעית	שו״נ שביעית
שינויי נוסחאות על שבת	שינויי נוסחאות על שבת
שינויי נוסחאות על שבת	שינויי נוסחאות שבת
שינויי נוסחאות על שבת	שינויי-נוסחאות על שבת
שינויי נוסחאות על שקלים	שינויי נוסחאות על שקלים
שינויי נוסחאות על שקלים	שינויי נוסחאות שקלים
שינויי נוסחאות על שקלים	שינויי-נוסחאות על שקלים
שינויי נוסחאות על תענית	שינויי נוסחאות על תענית
שינויי נוסחאות על תענית	שינויי נוסחאות תענית
שינויי נוסחאות על תענית	שינויי-נוסחאות על תענית
שינויי נוסחאות על תרומות	שינויי נוסחאות על תרומות
שינויי נוסחאות על תרומות	שינויי נוסחאות תרומות
שינויי נוסחאות על תרומות	שינויי-נוסחאות על תרומות
שפתי כהן במדבר	שפתי כהן
שפתי כהן במדבר	שפתי כהן במדבר
שפתי כהן במדבר	שפתי כהן-במדבר
שפתי כהן בראשית	שפתי כהן בראשית
שפתי כהן בראשית	שפתי-כהן-בראשית
שפתי כהן בראשית	שפכ״ץ בראשית
שפתי כהן בראשית	שפכ״ץ
שפתי כהן בראשית	שפתי-כהן
שפתי כהן דברים	שפתי כהן דברים
שפתי כהן דברים	שפתי כהן על דברים
שפתי כהן דברים	שפתי-כהן דברים
שפתי כהן דברים	שפתי־כהן דברים
שפתי כהן דברים	שפ״ק
שפתי כהן דברים	שפתי כהן שמואל דה מודינה
שפתי כהן דברים	שמואל דה מודינה שפתי כהן
שפתי כהן דברים	שפתי כהן ספר דברים
שפתי כהן ויקרא	שפתי כהן ויקרא
שפתי כהן ויקרא	שפתי-כהן ויקרא
שפתי כהן ויקרא	שפתי כהן על ויקרא
שפתי כהן שמות	שפתי כהן שמות
שפתי כהן שמות	שפתי כהן על שמות
שפתי כהן שמות	שפתי-כהן שמות
שפתי כהן שמות	שפכ שמות
שפתי כהן שמות	שפכ על שמות
שפתי כהן שמות	שפתי כהן על שמות שפתי-כהן
תוספתא כפשוטה על בבא בתרא	תוספתא כפשוטה בבא בתרא
תוספתא כפשוטה על בבא בתרא	תוספתא כפשוטה ב"ב
תוספתא כפשוטה על בבא בתרא	תוספתא כפשוטה על בבא בתרא
תוספתא כפשוטה על בבא בתרא	תוספתא כפשוטה בב"ב
תוספתא כפשוטה על בבא בתרא	תוספתא כפשוטה בב.ב
תוספתא כפשוטה על בבא בתרא	תוספתא כפשוטה בב.ת
תוספתא כפשוטה על בבא בתרא	תוספתא כפשוטה על בב"ב
תוספתא כפשוטה על בבא בתרא	תוספתא כפשוטה על בב.ב
תוספתא כפשוטה על בבא בתרא	תוספתא כפשוטה על בב.ת
תוספתא כפשוטה על בבא בתרא	תוספתא כפשוטה על בבתרא
תוספתא כפשוטה על בבא בתרא	בב"ב
תוספתא כפשוטה על בבא בתרא	בב.ב
תוספתא כפשוטה על בבא בתרא	בבתרא
תוספתא כפשוטה על בבא בתרא	תוספתא כפשוטה על בב
תוספתא כפשוטה על בבא מציעא	תוספתא כפשוטה בבא מציעא
תוספתא כפשוטה על בבא מציעא	תוספתא כפשוטה על בבא מציעא
תוספתא כפשוטה על בבא מציעא	תוספתא כפשוטה על בבמצ
תוספתא כפשוטה על בבא מציעא	תוספתא כפשוטה על ב. מצ.
תוספתא כפשוטה על בבא מציעא	תוספתא כפשוטה על במצ
תוספתא כפשוטה על בבא מציעא	תוספתא כפשוטה בבמצ
תוספתא כפשוטה על בבא מציעא	תוספתא כפשוטה ב. מצ.
תוספתא כפשוטה על בבא מציעא	תוספתא כפשוטה במצ
תוספתא כפשוטה על בבא מציעא	תוספתא כפשוטה על במ
תוספתא כפשוטה על בבא קמא	תוספתא כפשוטה בבא קמא
תוספתא כפשוטה על בבא קמא	תוספתא כפשוטה על בבא קמא
תוספתא כפשוטה על בבא קמא	תוספתא כפשוטה על ב. ק.
תוספתא כפשוטה על בבא קמא	תוספתא כפשוטה ב. ק.
תוספתא כפשוטה על בבא קמא	תוספתא כפשוטה על בק
תוספתא כפשוטה על ביכורים	תוספתא כפשוטה ביכורים
תוספתא כפשוטה על ביכורים	רמ״ש
תוספתא כפשוטה על ביכורים	תוספתא כפשוטה על מסכת ביכורים
תוספתא כפשוטה על ביכורים	תוספתא כפשוטה הרמ״ש על ביכורים
תוספתא כפשוטה על ביכורים	תכ
תוספתא כפשוטה על ביכורים	תכב
תוספתא כפשוטה על ביכורים	תכ-ביכורים
תוספתא כפשוטה על ביכורים	בכ
תוספתא כפשוטה על ביכורים	בכורים
תוספתא כפשוטה על ביצה	תוספתא כפשוטה ביצה
תוספתא כפשוטה על ביצה	תוספתא כפשוטה על ביצה
תוספתא כפשוטה על ביצה	תוספתא כפשוטה
תוספתא כפשוטה על ברכות	תוספתא כפשוטה ברכות
תוספתא כפשוטה על ברכות	תוספתא כפשוטה על מסכת ברכות
תוספתא כפשוטה על ברכות	תוספתא כפשוטה על ברכות מסכתא
תוספתא כפשוטה על ברכות	תוספתא כפשוטה ברכות מסכת
תוספתא כפשוטה על ברכות	תוספתא כפשוטה מסכת ברכות
תוספתא כפשוטה על ברכות	תכ"פ ברכות
תוספתא כפשוטה על גיטין	תוספתא כפשוטה גיטין
תוספתא כפשוטה על גיטין	תוספתא כפשוטה על גיטין
תוספתא כפשוטה על גיטין	תכ״ג
תוספתא כפשוטה על גיטין	תוספתא כפשוטה גיט׳
תוספתא כפשוטה על דמאי	תוספתא כפשוטה דמאי
תוספתא כפשוטה על דמאי	תוספתא כפשוטה על דמאי
תוספתא כפשוטה על דמאי	כפשוטה דמאי
תוספתא כפשוטה על דמאי	כפשוטה על דמאי
תוספתא כפשוטה על דמאי	תוספתא כפשוטה דמאי על
תוספתא כפשוטה על חגיגה	תוספתא כפשוטה חגיגה
תוספתא כפשוטה על חגיגה	תוספתא.כפשוטה על חגיגה
תוספתא כפשוטה על חגיגה	תוספתא כפשוטה.על חגיגה
תוספתא כפשוטה על חלה	תוספתא כפשוטה חלה
תוספתא כפשוטה על יבמות	תוספתא כפשוטה יבמות
תוספתא כפשוטה על יבמות	תכ״ש יבמות
תוספתא כפשוטה על יבמות	תכ״ש על יבמות
תוספתא כפשוטה על יומא	תוספתא כפשוטה יומא
תוספתא כפשוטה על יומא	תוספתא כפשוטה על יומא
תוספתא כפשוטה על יומא	תוספתא כפשוטה, על יומא
תוספתא כפשוטה על יומא	תוספתא כפשוטה על מסכת יומא
תוספתא כפשוטה על יומא	תוספתא כפשוטה מסכת יומא
תוספתא כפשוטה על כלאים	תוספתא כפשוטה כלאים
תוספתא כפשוטה על כלאים	תוספתא כפשוטה על כלאים
תוספתא כפשוטה על כלאים	כפשוטה על כלאים
תוספתא כפשוטה על כלאים	כפשוטה כלאים
תוספתא כפשוטה על כתובות	תוספתא כפשוטה כתובות
תוספתא כפשוטה על כתובות	תוספתא כפשוטה על קטנות
תוספתא כפשוטה על כתובות	תוספתא כפשוטה על ק״ט
תוספתא כפשוטה על כתובות	תוספתא על כתובות
תוספתא כפשוטה על כתובות	תוספתא על קטנות
תוספתא כפשוטה על כתובות	תוספתא על ק״ט
תוספתא כפשוטה על מגילה	תוספתא כפשוטה מגילה
תוספתא כפשוטה על מגילה	תוספתא כפשוטה
תוספתא כפשוטה על מגילה	כפשוטה מגילה
תוספתא כפשוטה על מגילה	תוספתא כפשוטה על מגילת
תוספתא כפשוטה על מועד קטן	תוספתא כפשוטה מועד קטן
תוספתא כפשוטה על מועד קטן	תוספתא כפשוטה על מו קטן
תוספתא כפשוטה על מועד קטן	תוספתא כפשוטה על-מועד קטן
תוספתא כפשוטה על מועד קטן	תוספתא כפשוטה על מוק
תוספתא כפשוטה על מעשר שני	תוספתא כפשוטה מעשר שני
תוספתא כפשוטה על מעשר שני	תוספתא כפשוטה על-מעשר שני
תוספתא כפשוטה על מעשר שני	תוספתא כפשוטה על מעשר ב׳
תוספתא כפשוטה על מעשר שני	תוספתא כפשוטה-מעשר ב׳
תוספתא כפשוטה על מעשר שני	תוספתא כפשוטה על מעשר שניים
תוספתא כפשוטה על מעשרות	תוספתא כפשוטה מעשרות
תוספתא כפשוטה על נדרים	תוספתא כפשוטה נדרים
תוספתא כפשוטה על נדרים	תוספתא כפשוטה על נדרים
תוספתא כפשוטה על נדרים	כפשוטה נדרים
תוספתא כפשוטה על נדרים	כפשוטה על נדרים
תוספתא כפשוטה על נזיר	תוספתא כפשוטה נזיר
תוספתא כפשוטה על סוטה	תוספתא כפשוטה סוטה
תוספתא כפשוטה על סוטה	כפשוטה סוטה
תוספתא כפשוטה על סוטה	תוספתא סוטה
תוספתא כפשוטה על סוכה	תוספתא כפשוטה סוכה
תוספתא כפשוטה על עירובין	תוספתא כפשוטה עירובין
תוספתא כפשוטה על עירובין	תוספתא כפשוטה על עירובין
תוספתא כפשוטה על עירובין	כפשוטה על עירובין
תוספתא כפשוטה על עירובין	כפשוטה עירובין
תוספתא כפשוטה על עירובין	תוספתא עירובין
תוספתא כפשוטה על ערלה	תוספתא כפשוטה ערלה
תוספתא כפשוטה על ערלה	תוספתא כפשוטה על ערלה
תוספתא כפשוטה על ערלה	תוספתא כפושטה על ערלה
תוספתא כפשוטה על ערלה	תוספתא כפושטה ערלה
תוספתא כפשוטה על ערלה	תוספתא על ערלה
תוספתא כפשוטה על ערלה	תוספתא ערלה
תוספתא כפשוטה על ערלה	תוס״כ על ערלה
תוספתא כפשוטה על ערלה	תוס״כ ערלה
תוספתא כפשוטה על ערלה	כפשוטה על ערלה
תוספתא כפשוטה על ערלה	כפשוטה ערלה
תוספתא כפשוטה על ערלה	כפושטה על ערלה
תוספתא כפשוטה על ערלה	כפושטה ערלה
תוספתא כפשוטה על פאה	תוספתא כפשוטה פאה
תוספתא כפשוטה על פסחים	תוספתא כפשוטה פסחים
תוספתא כפשוטה על פסחים	תוספתא כפשוטה על פסחים
תוספתא כפשוטה על פסחים	תוספתא כפשוטה על מסכת פסחים
תוספתא כפשוטה על קידושין	תוספתא כפשוטה קידושין
תוספתא כפשוטה על קידושין	תוספתא כפשוטה על קידושין
תוספתא כפשוטה על קידושין	תוספתא כפשוטה קד"ש
תוספתא כפשוטה על קידושין	כפשוטה קידושין
תוספתא כפשוטה על קידושין	כפשוטה על קידושין
תוספתא כפשוטה על ראש השנה	תוספתא כפשוטה ראש השנה
תוספתא כפשוטה על ראש השנה	תוספתא כפשוטה ר"ה
תוספתא כפשוטה על ראש השנה	תוספתא כפשוטה על רה
תוספתא כפשוטה על שביעית	תוספתא כפשוטה שביעית
תוספתא כפשוטה על שבת	תוספתא כפשוטה שבת
תוספתא כפשוטה על שבת	כפשוטה על שבת
תוספתא כפשוטה על שבת	כפשוטה על שבת.
תוספתא כפשוטה על שבת	כפשוטה שבת
תוספתא כפשוטה על שבת	כפשוטה שבת.
תוספתא כפשוטה על שבת	תוספתא כפשוטה על מסכת שבת
תוספתא כפשוטה על שבת	תוספתא כפשוטה על מסכת שבת.
תוספתא כפשוטה על שבת	תוספתא כפשוטה מסכת שבת
תוספתא כפשוטה על שבת	תוספתא כפשוטה מסכת שבת.
תוספתא כפשוטה על שקלים	תוספתא כפשוטה שקלים
תוספתא כפשוטה על שקלים	תכ"ש שקלים
תוספתא כפשוטה על שקלים	תשק"ים
תוספתא כפשוטה על תענית	תוספתא כפשוטה תענית
תוספתא כפשוטה על תענית	תוספתא תענית
תוספתא כפשוטה על תענית	תוספתא כפשוטה על מסכת תענית
תוספתא כפשוטה על תרומות	תוספתא כפשוטה תרומות
תוספתא כפשוטה על תרומות	תוספתא כפשוטה על תרומות
